Abilene Christian Wildcats | Abilene TX
Air Force Falcons | Colorado Springs CO
Akron Zips | Akron OH
Alabama A&M Bulldogs | Huntsville AL
Alabama Crimson Tide | Tuscaloosa AL
Alabama State Hornets | Montgomery AL
Albany Great Danes | Albany NY
Alcorn State Braves | Lorman MS
American University Eagles | Washington DC
App State Mountaineers | Boone NC
Appalachian State Mountaineers | Boone NC
Arizona State Sun Devils | Phoenix AZ
Arizona Wildcats | Tucson AZ
Ark.-Pine Bluff Golden Lions | Pine Bluff AR
Arkansas Razorbacks | Fayetteville AR
Arkansas State Red Wolves | Jonesboro AR
Arkansas-Pine Bluff Golden Lions | Pine Bluff AR
Army Black Knights | West Point NY
Auburn Tigers | Auburn AL
Austin Peay Governors | Clarksville TN
BYU Cougars | Provo UT
Ball State Cardinals | Muncie IN
Baylor Bears | Waco TX
Bellarmine Knights | Louisville KY
Belmont Bruins | Nashville TN
Bethune Cookman Wildcats | Daytona Beach FL
Binghamton Bearcats | Vestal NY
Boise State Broncos | Boise ID
Boston College Eagles | Chestnut Hill MA
Boston University Terriers | Boston MA
Bowling Green Falcons | Bowling Green OH
Bradley Braves | Peoria IL
Bradley University Braves | Peoria IL
Brigham Young Cougars | Provo UT
Brown Bears | Providence RI
Bryant Bulldogs | Smithfield RI
Bucknell Bison | Lewisburg PA
Buffalo Bulls |  Buffalo NY
Butler Bulldogs | Indianapolis IN
CS Fullerton Titans | Fullerton CA
CSU Bakersfield Roadrunners | Bakersfield CA
Cal Poly Mustangs | Pomona CA
Cal State Fullerton Titans | Fullerton CA
Cal State Northridge Matadors | Northridge CA
California Baptist Lancers | Riverside CA
California Golden Bears | Berkeley CA
Campbell Fighting Camels | Buies Creek NC
Canisius Golden Griffins | Buffalo NY
Central Arkansas Bears | Conway AK
Central Connecticut Blue Devils | New Britain CT
Central Michigan Chippewas | Mount Pleasant MI
Charleston Cougars | Charleston SC
Charleston Southern Buccaneers | Charleston SC
Charlotte 49ers | Charlotte NC
Chattanooga Mocs | Chattanooga TN
Chicago State Cougars | Chicago IL
Cincinnati Bearcats | Cincinnati OH
Clemson Tigers | Clemson SC
Cleveland State Vikings | Cleveland OH
Coastal Carolina Chanticleers | Conway SC
Colgate Raiders | Hamilton NY
Colorado Buffaloes | Boulder CO
Colorado State Rams | Fort Collins CO
Columbia Lions | New York NY
Connecticut Huskies | Storrs CT
Coppin State Eagles | Baltimore MD
Cornell Big Red | Ithaca NY
Creighton Bluejays | Omaha NE
Dartmouth Big Green | Hanover NH
Davidson Wildcats | Davidson NC
Dayton Flyers | Dayton OH
DePaul Blue Demons | Chicago IL
Delaware Blue Hens | Newark DE
Delaware Fightin' Blue Hens | Newark DE
Delaware State Hornets | Dover DE
Denver Pioneers | Denver CO
Detroit Mercy Titans | Detroit MI
Detroit Titans | Detroit MI
Drake Bulldogs | Des Moines IA
Drexel Dragons | Philadelphia PA
Duke Blue Devils | Durham NC
Duquesne Dukes | Pittsburgh PA  
ETSU Buccaneer | Johnson City TN
East Carolina Pirates | Greenville NC
East Tennessee State Buccaneers | Johnson City TN
East Texas A&M Lions | Commerce TX
Eastern Illinois Panthers | Charleston IL
Eastern Kentucky Colonels | Richmond KY
Eastern Michigan Eagles | Ypsilanti MI
Eastern Washington Eagles | Cheney WA
Elon Phoenix | Elon NC
Evansville Purple Aces | Evansville IN
FIU Golden Panthers | University Park FL
Fairfield Stags | Madison NJ
Fairleigh Dickinson Knights | Madison NJ
Florida A&M Rattlers | Tallahassee FL
Florida Atlantic | Boca Raton FL
Florida Gators | Gainesville FL
Florida Gulf Coast Eagles | Fort Myers FL
Florida International Panthers | University Park FL 
Florida State Seminoles | Tallahassee FL
Fordham Rams | New York NY
Fresno State Bulldogs | Fresno CA
Furman Paladins | Greenville SC
Gardner Webb Runnin' Bulldogs | Boiling Springs NC
Gardner-Webb Runnin' Bulldogs | Boiling Springs NC
George Mason Patriots | Fairfax VA
George Washington Revolutionaries | Washington DC
Georgetown Hoyas | Washington DC
Georgia Bulldogs | Athens GA
Georgia Southern Eagles | Statesboro GA
Georgia State Panthers | Atlanta GA
Georgia Tech Yellow Jackets | Atlanta GA
Gonzaga Bulldogs | Spokane WA
Grambling State Tigers | Grambling LA
Grambling Tigers | Grambling LA
Grand Canyon Antelopes | Phoenix AZ
Grand Canyon Lopes | Phoenix AZ
Green Bay Phoenix | Green Bay WI
Hampton Pirates | Hampton VA
Harvard Crimson | Cambridge MA
Hawaii Rainbow Warriors | Oahu HI
High Point Panthers | High Point NC
Hofstra Pride | Uniondale NY
Holy Cross Crusaders | Worcester MA
Houston Christian Huskies | Houston TX
Houston Cougars | Houston TX
Howard Bison | Washington DC
IU Indianapolis Jaguars | Indianapolis IN
IUPUI Jaguars | Indianapolis IN
Idaho State Bengals | Pocatello ID
Idaho Vandals | Moscow ID
Illinois Fighting Illini | Champaign IL
Illinois State Redbirds | Normal IL
Incarnate Word Cardinals | San Antonio TX
Indiana Hoosiers | Indianapolis IN
Indiana State Sycamores | Terre Haute IN
Iona Gaels | New Rochelle NY
Iowa Hawkeyes | Iowa City IA
Iowa State Cyclones | Ames IA
Jackson State Tigers | Jackson MS
Jacksonville Dolphins | Jacksonville FL
Jacksonville State Gamecocks | Jacksonville AL
James Madison Dukes | Harrisonburg VA
Kansas City Roos | Kansas City MO
Kansas Jayhawks | Lawrence KS
Kansas State Wildcats | Manhattan KS
Kennesaw State Owls | Cobb County GA
Kent State Golden Flashes | Kent OH
Kentucky Wildcats | Lexington KY
LIU Sharks | New York NY
LSU Tigers | Baton Rouge LA
La Salle Explorers | Philadelphia PA
Lafayette Leopards | Easton PA
Lamar Cardinals | Beaumont TX
Le Moyne Dolphins | DeWitt NY
Lehigh Mountain Hawks | Bethlehem PA
Liberty Flames | Lynchburg VA
Lindenwood Lions | St. Charles MO
Lipscomb Bison | Nashville TN
Little Rock Trojans | Little Rock AR 
Long Beach State 49ers | Long Beach CA
Long Beach State Beach | Long Beach CA
Long Island University Sharks | New York NY
Longwood Lancers | Farmville VA
Louisiana Lafayette | Lafayette LA
Louisiana Monroe Warhawks | Monroe LA
Louisiana Tech Bulldogs | Ruston LA
Louisville Cardinals | Louisville KY
Loyola Chicago Ramblers | Chicago IL
Loyola Maryland Greyhounds | Baltimore MD
Loyola Marymount Lions | Los Angeles CA
MD E Shore Fighting Hawks | Princess Anne MD
MS Valley State Delta Devils | Mississippi Valley State MS
MTSU Blue Raiders | Murfreesboro TN
Maine Black Bears | Orono ME
Manhattan Jaspers | New York NY
Marist Red Foxes | Poughkeepsie NY
Marquette Golden Eagles | Milwaukee WI
Marshall Thundering Herd | Huntington WV
Maryland Eastern Shore Hawks | Princess Anne MD
Maryland Terrapins | College Park MD
Massachusetts Minutemen | Amherst MA
McNeese Cowboys | Lake Charles LA
McNeese State Cowboys | Lake Charles LA
Md.-Eastern Shore(UMES) | Princess Anne MD
Memphis Tigers | Memphis TN
Mercer Bears | Macon GA
Mercyhurst Lakers | Erie PA
Merrimack Warriors | North Andover MA
Miami (FL) Hurricanes | Miami FL
Miami (OH) RedHawks | Miami OH
Miami Hurricanes | Miami FL
Miami RedHawks | Miami OH
Miami-Florida Hurricanes | Miami FL
Miami-Ohio RedHawks | Miami OH
Michigan State Spartans | East Lansing MI
Michigan Wolverines | Ann Arbor MI
Middle Tennessee Blue Raiders | Murfreesboro TN
Milwaukee Panthers | Milwaukee WI
Minnesota Golden Gophers | Duluth MN
Mississippi State Bulldogs | Mississippi State MS
Mississippi Valley State Delta Devils | Mississippi Valley State MS
Missouri State Bears | Springfield MO
Missouri Tigers | Columbia MO
Monmouth Hawks | West Long Branch NJ
Monmouth-NJ Hawks | West Long Branch NJ 
Montana Grizzlies | Missoula MT
Montana State Bobcats | Bozeman MT
Morehead State Eagles | Morehead KY
Morgan State Bears | Baltimore MD
Mount St. Mary's Mountaineers | Emmitsburg MD
Murray State Racers | Murray KS
NC A&T Aggies | Greensboro NC
NC State Wolfpack | Raleigh NC
NJIT Highlanders | Newark NJ
Navy Midshipmen | Annapolis MD
Nebraska Cornhuskers | Lincoln NE
Nevada Wolf Pack | Reno NV
New Hampshire Wildcats | Durham NH
New Mexico Lobos | Albuquerque NM
New Mexico State Aggies | Las Cruces NM
New Orleans Privateers | New Orleans LA
Niagara Purple Eagles | Lewiston NY
Nicholls Colonels | Thibodaux LA
Nicholls State Colonels | Thibodaux LA 
Norfolk State Spartans | Norofolk VA
North Alabama Lions | Florence AL
North Carolina A&T Aggies | Greensboro NC
North Carolina Central Eagles | Durham NC
North Carolina Tar Heels | Chapel Hill NC
North Dakota Fighting Hawks | Grand Forks ND
North Dakota State Bison | Fargo ND
North Florida Ospreys | Jacksonville FL
North Texas Mean Green | Denton TX
Northeastern Huskies | Boston MA
Northern Arizona Lumberjacks | Flagstaff AZ
Northern Colorado Bears | Greeley CO
Northern Illinois Huskies | DeKalb IL
Northern Iowa Panthers | Cedar Falls IA
Northern Kentucky Norse | Highland Heights KY
Northwestern State Demons | Nachitoches LA
Northwestern Wildcats | Evanston IL
Notre Dame Fighting Irish | South Bend IN
Oakland Golden Grizzlies | Auburn Hills MI
Ohio Bobcats | Athens OH
Ohio State Buckeyes | Columbus OH
Oklahoma Sooners | Norman OK
Oklahoma State Cowboys | Stillwater OK
Old Dominion Monarchs | Norfolk VA
Ole Miss Rebels | Oxford MS
Omaha Mavericks | Omaha NE
Omaha(Neb.-Omaha) Mavericks | Omaha NE
Oral Roberts Golden Eagles | Tulsa OK
Oregon Ducks | Eugene OR
Oregon State Beavers | Corvallis OR
Pacific Tigers | Forest Grove OR
Penn Quakers | Philadelphia PA
Penn State Nittany Lions | University Park PA
Pennsylvania Quakers | Philadelphia PA
Pepperdine Waves | Malibu CA
Pitt Panthers | Pittsburg PA
Pittsburgh Panthers | Pittsburg PA
Portland Pilots | Portland OR
Portland State Vikings | Portland OR
Prairie View A&M Panthers | Prairie View TX
Presbyterian Blue Hose | Clinton SC
Princeton Tigers | Princeton NJ
Providence Friars | Great Falls MO
Purdue Boilermakers | West Lafayette IN
Purdue Fort Wayne Mastodons | Fort Wayne IN
Queens Royals | Charlotte NC
Queens University Royals | Charlotte NC
Quinnipiac Bobcats | Hamden CT
Radford Highlanders | Radford VA
Rhode Island Rams | Kingston RI
Rice Owls | Houston TX
Richmond Spiders | Richmond VA
Rider Broncs | Lawrence Township NJ
Robert Morris Colonials | Chicago IL
Rutgers Scarlet Knights | New Brunswick NJ
SC State Bulldogs | Orangeburg SC
SE Louisiana Lions | Hammond LA
SE Missouri State Redhawks | Cape Girardeau MO
SIU Edwardsville Cougars | Edwardsville IL
SMU Mustangs | Dallas TX
Sacramento State Hornets | Sacramento CA
Sacred Heart Pioneers | Fairfield CT
Saint Joseph's Hawks | Philadelphia PA
Saint Louis Billikens | St. Louis MO
Saint Mary's College Gaels | Moraga CA
Saint Mary's Gaels | Moraga CA
Saint Peter's Peacocks | Jersey City NJ
Sam Houston Bearkats | Huntsville TX
Sam Houston State Bearkats | Huntsville TX
Samford Bulldogs | Homewood AL
San Diego State Aztecs | San Diego CA
San Diego Toreros | San Diego CA
San Francisco Dons | San Francisco CA
San Jose State Spartans | San Jose CA
San José State Spartans | San Jose CA
Santa Clara Broncos | Santa Clara CA
Seattle Redhawks | Seattle WA
Seattle U Redhawks | Seattle WA
Seton Hall Pirates | South Orange NJ
Siena Saints | Loudonville NY
Skyhawks | Easton MA
South Alabama Jaguars | Mobile AL
South Carolina Gamecocks | Columbia SC
South Carolina State Bulldogs | Orangeburg SC
South Carolina Upstate Spartans | Valley Falls SC
South Dakota Coyotes | Vermillion SD
South Dakota State Jackrabbits | Brookings SD
South Florida Bulls | Tampa FL
Southeastern Louisiana Lions | Hammond LA
Southern Illinois Salukis | Carbondale IL
Southern Indiana Screaming Eagles | Evansville IN
Southern Jaguars | Baton Rouge LA
Southern Miss Golden Eagles | Hattiesburg
Southern University Jaguars | Baton Rouge LA
Southern Utah Thunderbirds | Cedar City UT
St. Bonaventure Bonnies | St. Bonaventure NY
St. Francis (PA) Red Flash | Loretto PA
St. Francis Red Flash | Loretto PA
St. John's Red Storm | New York NY
St. Thomas Tommies | St. Paul MN
St. Thomas-Minnesota Tommies | St. Paul MN
Stanford Cardinal | Palo Ato CA
Stephen F. Austin Lumberjacks | Nacogdoches TX
Stetson Hatters | DeLand FL
Stonehill Skyhawks | Easton MA
Stony Brook Seawolves | Stony Brook NY
Syracuse Orange | Syracuse NY
TCU Horned Frogs | Fort Worth TX
Tarleton State Texans | Stephenville TX
Temple Owls | Philadelphia PA
Tennessee State Tigers | Nashville TN
Tennessee Tech Golden Eagles | Cookeville TN
Tennessee Volunteers | Knoxville TN
Tennessee-Martin Skyhawks | Martin TN
Texas A&M Aggies | College Station TX
Texas A&M CC Islanders | Corpus Christi TX
Texas A&M-Corpus Christi Islanders | Corpus Christi TX
Texas Longhorns | Austin TX
Texas Southern Tigers | Houston TX
Texas State Bobcats | San Marcos TX
Texas Tech Red Raiders | Lubbock TX
The Citadel Bulldogs | Charleston SC
Toledo Rockets | Toledo OH
Towson Tigers | Towson MD
Troy Trojans | Troy AL
Tulane Green Wave | New Orleans LA
Tulsa Golden Hurricane | Tulsa OK
UAB Blazers | Birmingham AL
UC Davis Aggies | Davis CA
UC Irvine Anteaters | Irvine CA
UC Riverside Highlanders | Riverside CA
UC San Diego Tritons | San Diego CA
UC Santa Barbara Gauchos | Santa Barbara CA
UCF Knights | Orlando FL
UCLA Bruins | Los Angeles CA
UConn Huskies | Storrs CT
UIC Flames | Chicago IL
UMBC Retrievers | Catonsville MD
UMass Lowell River Hawks | Lowell MA
UMass Minutemen | Amherst MA
UNC Asheville Bulldogs | Asheville NC
UNC Greensboro Spartans | Greensboro NC
UNC Tar Heels | Chapel Hill NC
UNC Wilmington Seahawks | Wilmington NC
UNLV Rebels | Las Vegas NV
USC Trojans | Los Angeles CA
USC Upstate Spartans | Valley Falls SC
UT Arlington Mavericks | Arlington TX
UT Martin Skyhawks | Martin TN
UT Rio Grande Valley Vaqueros | Edinburg TX
UTEP Miners | El Paso TX
UTRGV Vaqueros | Edinburg TX
UTSA Roadrunners | San Antonio TX
Utah State Aggies | Logan UT
Utah Tech Trailblazers | St. George UT
Utah Utes | Salt Lake City UT
Utah Valley Wolverines | Orem UT
VCU Rams | Richmond VA
VCU(Va. Commonwealth) Rams | Richmond VA
VMI Keydets | Lexington VA
Valparaiso Beacons | Valparaiso IN
Vanderbilt Commodores | Nashville TN
Vermont Catamounts | Burlington VT
Villanova Wildcats | Villanova PA
Virginia Cavaliers | Charlottesville VA
Virginia Tech Hokies | Blacksburg VA
Wagner Seahawks | Lake Wales FL
Wake Forest Demon Deacons | Winston-Salem NC
Washington Huskies | Seattle WA
Washington State Cougars | Pullman WA
Weber State Wildcats | Ogden UT
West Georgia Wolves | Carrollton GA
West Virginia Mountaineers | Morgantown WV
Western Carolina Catamounts | Cullowhee NC
Western Illinois Leathernecks | Macomb IL
Western Kentucky Hilltoppers | Bowling Green KY
Western Michigan Broncos | Kalamazoo
Wichita State Shockers | Wichita KS
William & Mary Tribe | Williamsburg VA
Winthrop Eagles | Rock Hill SC
Wisconsin Badgers | Madison WI
Wisconsin Green Bay Phoenix | Green Bay WI
Wisconsin Milwaukee Panthers | Milwaukee WI
Wofford Terriers | Spartanburg SC
Wright State Raiders | Fairborn OH
Wyoming Cowboys | Laramie WY
Xavier Musketeers | Cincinnati OH
Xavier-Ohio Musketeers | Cincinnati OH
Yale Bulldogs | New Haven CT
Youngstown State Penguins | Youngstown OH
